ä»»åŠ¡ID,é”™è¯¯ä¿¡æ¯,æºç»“æœè·¯å¾„,ç›®æ ‡è·¯å¾„,æ—¥å¿—æ‘˜è¦
VideoPose3D_01,"Traceback (most recent call last): File ""/mnt/Code/Tasks/Code-Repo-Agent/dataset/eval/test_task_score.py"", line 42, in single_task_score process.check_returncode() # å¦‚æœå‘½ä»¤å¤±è´¥ä¼šæŠ›å‡ºå¼‚å¸¸ ^^^^^^^^^^^^^^^^^^^^^^^^^^ File ""/home/.conda/envs/ex/lib/python3.11/subprocess.py"", line 502, in check_returncode raise CalledProcessError(self.returncode, self.args, self.stdout, subprocess.CalledProcessError: Command 'cd GitTaskBench/eval_automation/test_scripts/VideoPose3D_01 && bash run_test.sh' returned non-zero exit status 1.",/mnt/Data/coding_run/task19/VideoPose3D_01/13fc7404-f187-4902-8abb-62c316cb7b5d/VideoPose3D/output_result,GitTaskBench,"åˆ›å»ºå¿…è¦çš„ç›®å½•... æ£€æŸ¥å¿…è¦çš„æ–‡ä»¶... æŸ¥æ‰¾è¾“å‡ºæ–‡ä»¶... === å¼€å§‹è¯„ä¼° VideoPose3D_01 è¾“å‡º === è¾“å…¥æ–‡ä»¶: /mnt/Code/Tasks/Code-Repo-Agent/dataset/eval/GitTaskBench/eval_automation/output/VideoPose3D_01/output.npz ç»“æœæ–‡ä»¶: /mnt/Code/Tasks/Code-Repo-Agent/dataset/eval/GitTaskBench/eval_automation/test_results/VideoPose3D_01/results.jsonl [å¤±è´¥] è¯„ä¼°å®Œæˆï¼Œç»“æœä¸æ»¡è¶³è¦æ±‚ã€‚ Traceback (most recent call last): File ""/mnt/Code/Tasks/Code-Repo-Agent/dataset/eval/GitTaskBench/eval_automation/test_scripts/VideoPose3D_01/test_script.py"", line 175, in <module> sys.exit(main()) ^^^^^^ File ""/mnt/Code/Tasks/Code-Repo-Agent/dataset/eval/GitTaskBench/eval_automation/test_scripts/VideoPose3D_01/test_script.py"", line 141, in main if data.size == 0: ^^^^^^^^^ AttributeError: 'NpzFile' object has no attribute 'size'"
Trafilatura_02,"Traceback (most recent call last): File ""/mnt/Code/Tasks/Code-Repo-Agent/dataset/eval/test_task_score.py"", line 48, in single_task_score result = json.loads(open(f""{dst_path}/eval_automation/test_results/{task_id}/results.jsonl"").readlines()[-1]) ^^^^^^^^^^^^^^^^^^^^^^^^^^^^^^^^^^^^^^^^^^^^^^^^^^^^^^^^^^^^^^^^^^^^^^^^^^^^^^^^^^^^^^^^^^^^^^^^^^^^ File ""/home/.conda/envs/ex/lib/python3.11/json/__init__.py"", line 346, in loads return _default_decoder.decode(s) ^^^^^^^^^^^^^^^^^^^^^^^^^^ File ""/home/.conda/envs/ex/lib/python3.11/json/decoder.py"", line 337, in decode obj, end = self.raw_decode(s, idx=_w(s, 0).end()) ^^^^^^^^^^^^^^^^^^^^^^^^^^^^^^^^^^^^^^ File ""/home/.conda/envs/ex/lib/python3.11/json/decoder.py"", line 353, in raw_decode obj, end = self.scan_once(s, idx) ^^^^^^^^^^^^^^^^^^^^^^ json.decoder.JSONDecodeError: Expecting property name enclosed in double quotes: line 1 column 2 (char 1)",/mnt/Data/coding_run/task19/Trafilatura_02/04565b61-e3de-41d3-b7fe-c1f5f673dfbf/Trafilatura/output_result,GitTaskBench,=== [Tue May 6 10:06:36 PM UTC 2025] æµ‹è¯•å¼€å§‹: Trafilatura_02 === å­—ç¬¦çº§å‡†ç¡®ç‡ï¼ˆChar Accuracyï¼‰: 0.0000 âŒ æå–æœ‰è¯¯ ç»“æœå·²ä¿å­˜åˆ°: /mnt/Code/Tasks/Code-Repo-Agent/dataset/eval/GitTaskBench/eval_automation/test_results/Trafilatura_02/results.jsonl [âœ… æˆåŠŸ] æµ‹è¯•å®Œæˆï¼Œç»“æœå†™å…¥: /mnt/Code/Tasks/Code-Repo-Agent/dataset/eval/GitTaskBench/eval_automation/test_results/Trafilatura_02/results.jsonl
DeOldify_02,"Traceback (most recent call last): File ""/mnt/Code/Tasks/Code-Repo-Agent/dataset/eval/test_task_score.py"", line 42, in single_task_score process.check_returncode() # å¦‚æœå‘½ä»¤å¤±è´¥ä¼šæŠ›å‡ºå¼‚å¸¸ ^^^^^^^^^^^^^^^^^^^^^^^^^^ File ""/home/.conda/envs/ex/lib/python3.11/subprocess.py"", line 502, in check_returncode raise CalledProcessError(self.returncode, self.args, self.stdout, subprocess.CalledProcessError: Command 'cd GitTaskBench/eval_automation/test_scripts/DeOldify_02 && bash run_test.sh' returned non-zero exit status 1.",/mnt/Data/coding_run/task19/DeOldify_02/1fb70171-d3f4-4f66-b364-7306b34703b0/DeOldify/output_result,GitTaskBench,=== å¼€å§‹å¤„ç†ä»“åº“ DeOldify_02 === [å¤±è´¥] è¯·æ£€æŸ¥ä»¥ä¸Šé”™è¯¯ä¿¡æ¯ï¼ /home/.conda/envs/ex/lib/python3.11/site-packages/torchvision/transforms/functional_tensor.py:5: UserWarning: The torchvision.transforms.functional_tensor module is deprecated in 0.15 and will be **removed in 0.17**. Please don't rely on it. You probably just need to use APIs in torchvision.transforms.functional or in torchvision.transforms.v2.functional. warnings.warn( CIEDE2000 å¹³å‡è‰²å·®ï¼š4.3841 (é˜ˆå€¼ 2.0) é‡å»ºå›¾åƒ NIQE åˆ†æ•°ï¼š8.8632 (é˜ˆå€¼ 7.0) âŒ å¤„ç†æ•ˆæœä¸ç¬¦åˆè¦æ±‚ï¼šNIQE æœªè¾¾æ ‡
SuperResolution_03,"Traceback (most recent call last): File ""/mnt/Code/Tasks/Code-Repo-Agent/dataset/eval/test_task_score.py"", line 42, in single_task_score process.check_returncode() # å¦‚æœå‘½ä»¤å¤±è´¥ä¼šæŠ›å‡ºå¼‚å¸¸ ^^^^^^^^^^^^^^^^^^^^^^^^^^ File ""/home/.conda/envs/ex/lib/python3.11/subprocess.py"", line 502, in check_returncode raise CalledProcessError(self.returncode, self.args, self.stdout, subprocess.CalledProcessError: Command 'cd GitTaskBench/eval_automation/test_scripts/SuperResolution_03 && bash run_test.sh' returned non-zero exit status 1.",/mnt/Data/coding_run/task19/SuperResolution_03/bf9f0195-4909-455e-bcd5-561e189ff1c9/SuperResolution/output_result,GitTaskBench,[é”™è¯¯] æ–‡ä»¶ä¸å­˜åœ¨: /mnt/Code/Tasks/Code-Repo-Agent/dataset/eval/GitTaskBench/eval_automation/output/SuperResolution_03/output.jpg
DeOldify_01,"Traceback (most recent call last): File ""/mnt/Code/Tasks/Code-Repo-Agent/dataset/eval/test_task_score.py"", line 42, in single_task_score process.check_returncode() # å¦‚æœå‘½ä»¤å¤±è´¥ä¼šæŠ›å‡ºå¼‚å¸¸ ^^^^^^^^^^^^^^^^^^^^^^^^^^ File ""/home/.conda/envs/ex/lib/python3.11/subprocess.py"", line 502, in check_returncode raise CalledProcessError(self.returncode, self.args, self.stdout, subprocess.CalledProcessError: Command 'cd GitTaskBench/eval_automation/test_scripts/DeOldify_01 && bash run_test.sh' returned non-zero exit status 1.",/mnt/Data/coding_run/task19/DeOldify_01/ff3cc472-1521-49d4-9930-2d06ca6edca5/DeOldify/output_result,GitTaskBench,=== å¼€å§‹å¤„ç†ä»“åº“ DeOldify_01 === [å¤±è´¥] è¯·æ£€æŸ¥ä»¥ä¸Šé”™è¯¯ä¿¡æ¯ï¼ /home/.conda/envs/ex/lib/python3.11/site-packages/torchvision/transforms/functional_tensor.py:5: UserWarning: The torchvision.transforms.functional_tensor module is deprecated in 0.15 and will be **removed in 0.17**. Please don't rely on it. You probably just need to use APIs in torchvision.transforms.functional or in torchvision.transforms.v2.functional. warnings.warn( æ–‡ä»¶ä¸å­˜åœ¨ï¼š/mnt/Code/Tasks/Code-Repo-Agent/dataset/eval/GitTaskBench/eval_automation/output/DeOldify_01/output.png
DeScratch_02,"Traceback (most recent call last): File ""/mnt/Code/Tasks/Code-Repo-Agent/dataset/eval/test_task_score.py"", line 42, in single_task_score process.check_returncode() # å¦‚æœå‘½ä»¤å¤±è´¥ä¼šæŠ›å‡ºå¼‚å¸¸ ^^^^^^^^^^^^^^^^^^^^^^^^^^ File ""/home/.conda/envs/ex/lib/python3.11/subprocess.py"", line 502, in check_returncode raise CalledProcessError(self.returncode, self.args, self.stdout, subprocess.CalledProcessError: Command 'cd GitTaskBench/eval_automation/test_scripts/DeScratch_02 && bash run_test.sh' returned non-zero exit status 1.",/mnt/Data/coding_run/task19/DeScratch_02/137b8d56-5ea1-4c6a-901a-c7e439cc849c/DeScratch/output_result,GitTaskBench,æ£€æŸ¥æ–‡ä»¶è·¯å¾„ï¼š/mnt/Code/Tasks/Code-Repo-Agent/dataset/eval/GitTaskBench/eval_automation/test_scripts/DeScratch_02/test_script.py GTè·¯å¾„ï¼š/mnt/Code/Tasks/Code-Repo-Agent/dataset/eval/GitTaskBench/eval_automation/groundtruth/DeScratch_02/gt é¢„æµ‹è·¯å¾„ï¼š/mnt/Code/Tasks/Code-Repo-Agent/dataset/eval/GitTaskBench/eval_automation/output/DeScratch_02/output [é”™è¯¯] ç›®å½•ä¸å­˜åœ¨: /mnt/Code/Tasks/Code-Repo-Agent/dataset/eval/GitTaskBench/eval_automation/output/DeScratch_02/output
DeScratch_03,"Traceback (most recent call last): File ""/mnt/Code/Tasks/Code-Repo-Agent/dataset/eval/test_task_score.py"", line 42, in single_task_score process.check_returncode() # å¦‚æœå‘½ä»¤å¤±è´¥ä¼šæŠ›å‡ºå¼‚å¸¸ ^^^^^^^^^^^^^^^^^^^^^^^^^^ File ""/home/.conda/envs/ex/lib/python3.11/subprocess.py"", line 502, in check_returncode raise CalledProcessError(self.returncode, self.args, self.stdout, subprocess.CalledProcessError: Command 'cd GitTaskBench/eval_automation/test_scripts/DeScratch_03 && bash run_test.sh' returned non-zero exit status 1.",/mnt/Data/coding_run/task19/DeScratch_03/9931c2d6-354b-46a6-8065-a977b9897d69/DeScratch/output_result,GitTaskBench,æ£€æŸ¥æ–‡ä»¶è·¯å¾„ï¼š/mnt/Code/Tasks/Code-Repo-Agent/dataset/eval/GitTaskBench/eval_automation/test_scripts/DeScratch_03/test_script.py GTè·¯å¾„ï¼š/mnt/Code/Tasks/Code-Repo-Agent/dataset/eval/GitTaskBench/eval_automation/groundtruth/DeScratch_03/gt é¢„æµ‹è·¯å¾„ï¼š/mnt/Code/Tasks/Code-Repo-Agent/dataset/eval/GitTaskBench/eval_automation/output/DeScratch_03/output [é”™è¯¯] ç›®å½•ä¸å­˜åœ¨: /mnt/Code/Tasks/Code-Repo-Agent/dataset/eval/GitTaskBench/eval_automation/output/DeScratch_03/output
SpeechEnhance_01,"Traceback (most recent call last): File ""/mnt/Code/Tasks/Code-Repo-Agent/dataset/eval/test_task_score.py"", line 42, in single_task_score process.check_returncode() # å¦‚æœå‘½ä»¤å¤±è´¥ä¼šæŠ›å‡ºå¼‚å¸¸ ^^^^^^^^^^^^^^^^^^^^^^^^^^ File ""/home/.conda/envs/ex/lib/python3.11/subprocess.py"", line 502, in check_returncode raise CalledProcessError(self.returncode, self.args, self.stdout, subprocess.CalledProcessError: Command 'cd GitTaskBench/eval_automation/test_scripts/SpeechEnhance_01 && bash run_test.sh' returned non-zero exit status 1.",/mnt/Data/coding_run/task19/SpeechEnhance_01/6119c5f2-8841-4f97-9310-7fc7a298bb1b/SpeechEnhance/output_result,GitTaskBench,åˆ›å»ºå¿…è¦çš„ç›®å½•... æ£€æŸ¥å¿…è¦çš„æ–‡ä»¶... === å¼€å§‹å¤„ç†ä»“åº“ SpeechEnhance_01 === è¾“å…¥æ–‡ä»¶: /mnt/Code/Tasks/Code-Repo-Agent/dataset/eval/GitTaskBench/eval_automation/output/SpeechEnhance_01/output.wav å‚è€ƒæ–‡ä»¶: /mnt/Code/Tasks/Code-Repo-Agent/dataset/eval/GitTaskBench/eval_automation/groundtruth/SpeechEnhance_01/gt.wav ç»“æœæ–‡ä»¶: /mnt/Code/Tasks/Code-Repo-Agent/dataset/eval/GitTaskBench/eval_automation/test_results/SpeechEnhance_01/results.jsonl ç»“æœä¸æ»¡è¶³è¦æ±‚: PESQ = 1.28 SNR = -24.27 dB PESQ (1.28) ä½äºé˜ˆå€¼ 2.0 SNR (-24.27 dB) ä½äºé˜ˆå€¼ 15.0 dB [å¤±è´¥] æµ‹è¯•æ‰§è¡Œå‡ºé”™ï¼Œè¯·æ£€æŸ¥ä»¥ä¸Šé”™è¯¯ä¿¡æ¯ï¼
SpeechBrain_01,"Traceback (most recent call last): File ""/mnt/Code/Tasks/Code-Repo-Agent/dataset/eval/test_task_score.py"", line 42, in single_task_score process.check_returncode() # å¦‚æœå‘½ä»¤å¤±è´¥ä¼šæŠ›å‡ºå¼‚å¸¸ ^^^^^^^^^^^^^^^^^^^^^^^^^^ File ""/home/.conda/envs/ex/lib/python3.11/subprocess.py"", line 502, in check_returncode raise CalledProcessError(self.returncode, self.args, self.stdout, subprocess.CalledProcessError: Command 'cd GitTaskBench/eval_automation/test_scripts/SpeechBrain_01 && bash run_test.sh' returned non-zero exit status 1.",/mnt/Data/coding_run/task19/SpeechBrain_01/911198bb-2575-4bd7-b7b1-92da971c63d5/SpeechBrain/output_result,GitTaskBench,=== å¼€å§‹å¤„ç†ä»“åº“ SpeechBrain_01 === [å¤±è´¥] è¯·æ£€æŸ¥ä»¥ä¸Šé”™è¯¯ä¿¡æ¯ï¼
NeuroKit_03,"Traceback (most recent call last): File ""/mnt/Code/Tasks/Code-Repo-Agent/dataset/eval/test_task_score.py"", line 42, in single_task_score process.check_returncode() # å¦‚æœå‘½ä»¤å¤±è´¥ä¼šæŠ›å‡ºå¼‚å¸¸ ^^^^^^^^^^^^^^^^^^^^^^^^^^ File ""/home/.conda/envs/ex/lib/python3.11/subprocess.py"", line 502, in check_returncode raise CalledProcessError(self.returncode, self.args, self.stdout, subprocess.CalledProcessError: Command 'cd GitTaskBench/eval_automation/test_scripts/NeuroKit_03 && bash run_test.sh' returned non-zero exit status 127.",/mnt/Data/coding_run/task19/NeuroKit_03/00bdd41e-d06f-43bd-aeec-683bdc505c54/NeuroKit/output_result,GitTaskBench,bash: run_test.sh: No such file or directory
Scrapy_01,"Traceback (most recent call last): File ""/mnt/Code/Tasks/Code-Repo-Agent/dataset/eval/test_task_score.py"", line 42, in single_task_score process.check_returncode() # å¦‚æœå‘½ä»¤å¤±è´¥ä¼šæŠ›å‡ºå¼‚å¸¸ ^^^^^^^^^^^^^^^^^^^^^^^^^^ File ""/home/.conda/envs/ex/lib/python3.11/subprocess.py"", line 502, in check_returncode raise CalledProcessError(self.returncode, self.args, self.stdout, subprocess.CalledProcessError: Command 'cd GitTaskBench/eval_automation/test_scripts/Scrapy_01 && bash run_test.sh' returned non-zero exit status 1.",/mnt/Data/coding_run/task19/Scrapy_01/622bd790-4208-4897-aae4-b6566a144641/Scrapy/output_result,GitTaskBench,âŒ æ–‡ä»¶ä¸å­˜åœ¨: /mnt/Code/Tasks/Code-Repo-Agent/dataset/eval/GitTaskBench/eval_automation/output/Scrapy_01/output.jsonl
Trafilatura_03,"Traceback (most recent call last): File ""/mnt/Code/Tasks/Code-Repo-Agent/dataset/eval/test_task_score.py"", line 42, in single_task_score process.check_returncode() # å¦‚æœå‘½ä»¤å¤±è´¥ä¼šæŠ›å‡ºå¼‚å¸¸ ^^^^^^^^^^^^^^^^^^^^^^^^^^ File ""/home/.conda/envs/ex/lib/python3.11/subprocess.py"", line 502, in check_returncode raise CalledProcessError(self.returncode, self.args, self.stdout, subprocess.CalledProcessError: Command 'cd GitTaskBench/eval_automation/test_scripts/Trafilatura_03 && bash run_test.sh' returned non-zero exit status 1.",/mnt/Data/coding_run/task19/Trafilatura_03/6a6fa8fa-6f5b-4bb6-8bd7-60be4d1ac8de/Trafilatura/output_result,GitTaskBench,=== [Tue May 6 10:08:22 PM UTC 2025] æµ‹è¯•å¼€å§‹: Trafilatura_03 === ğŸ” ç²¾åº¦: 0.6308 | å¬å›ç‡: 0.7736 ç»“æœ: :x: ç²¾ç¡®åº¦ 0.6308 ä¸æ»¡è¶³ 92% [âŒ å¤±è´¥] è„šæœ¬æ‰§è¡Œå‡ºé”™
Scrapy_03,"Traceback (most recent call last): File ""/mnt/Code/Tasks/Code-Repo-Agent/dataset/eval/test_task_score.py"", line 48, in single_task_score result = json.loads(open(f""{dst_path}/eval_automation/test_results/{task_id}/results.jsonl"").readlines()[-1]) ^^^^^^^^^^^^^^^^^^^^^^^^^^^^^^^^^^^^^^^^^^^^^^^^^^^^^^^^^^^^^^^^^^^^^^^^ FileNotFoundError: [Errno 2] No such file or directory: 'GitTaskBench/eval_automation/test_results/Scrapy_03/results.jsonl'",/mnt/Data/coding_run/task19/Scrapy_03/08132430-211b-4032-a2e4-34840efb0e0a/Scrapy/output_result,GitTaskBench,=== [Tue May 6 10:08:23 PM UTC 2025] å¼€å§‹æµ‹è¯• Scrapy_03 === âš ï¸ é¢„æµ‹ç»“æœä¸æ ‡æ³¨æ•°æ®é•¿åº¦ä¸ä¸€è‡´ï¼ˆé¢„æµ‹ 0 æ¡ï¼ŒçœŸå® 12 æ¡ï¼‰ï¼ŒæŒ‰æœ€å°æ•°é‡è¿›è¡Œæ¯”è¾ƒã€‚ âŒ é”™è¯¯ï¼šé¢„æµ‹æˆ–æ ‡å‡†æ•°æ®ä¸ºç©ºã€‚ âœ… æµ‹è¯•æˆåŠŸï¼Œç»“æœå†™å…¥: /mnt/Code/Tasks/Code-Repo-Agent/dataset/eval/GitTaskBench/eval_automation/test_results/Scrapy_03/results.jsonl
PyPDF2_03,"Traceback (most recent call last): File ""/mnt/Code/Tasks/Code-Repo-Agent/dataset/eval/test_task_score.py"", line 42, in single_task_score process.check_returncode() # å¦‚æœå‘½ä»¤å¤±è´¥ä¼šæŠ›å‡ºå¼‚å¸¸ ^^^^^^^^^^^^^^^^^^^^^^^^^^ File ""/home/.conda/envs/ex/lib/python3.11/subprocess.py"", line 502, in check_returncode raise CalledProcessError(self.returncode, self.args, self.stdout, subprocess.CalledProcessError: Command 'cd GitTaskBench/eval_automation/test_scripts/PyPDF2_03 && bash run_test.sh' returned non-zero exit status 1.",/mnt/Data/coding_run/task19/PyPDF2_03/a8bb6ef5-7ffb-4b6b-a174-14407397e7a5/PyPDF2/output_result,GitTaskBench,[âŒ é”™è¯¯] ç¼ºå¤±æ–‡ä»¶: /mnt/Code/Tasks/Code-Repo-Agent/dataset/eval/GitTaskBench/eval_automation/output/PyPDF2_03/output.txt
